{
  "status": "complete",
  "compact_condition_rows": 405504,
  "represented_trial_evaluations": 7970586624000,
  "represented_per_condition_row": 19656000,
  "factors": {
    "workspace_families": 24,
    "plan_archetypes": 16,
    "perturbation_families": 12,
    "invalidation_policies": 11,
    "stress_settings": 8,
    "dependency_extractors": 8,
    "noise_regimes": 9,
    "split_regimes": 7,
    "seeds": 13,
    "map_sizes": 6,
    "perturbation_densities": 5,
    "update_delays": 4,
    "rollouts": 25
  },
  "top_policy": {
    "code": "m10",
    "name": "plan_topology_dependency",
    "conditions": 36864,
    "invalid_rate": 0.6563972036341956,
    "precision": 0.95008098809978,
    "recall": 0.8761148863002995,
    "f1": 0.9116000189613381,
    "unsafe_false_negative": 0.08131784220439273,
    "unnecessary_invalidation": 0.030215733023143437,
    "cache_retention_precision": 0.7939781313543682,
    "replan_cost": 0.3532989412030536,
    "topology_recall": 0.8295159400157213,
    "dependency_calibration": 0.7848972222224024,
    "submission_score": 0.8215601847089695
  },
  "hardest_stress": {
    "code": "s06",
    "name": "delayed_dependency_update",
    "conditions": 4608,
    "invalid_rate": 0.6554397195702677,
    "precision": 0.950092457366028,
    "recall": 0.8393402043028667,
    "f1": 0.8912889703583267,
    "unsafe_false_negative": 0.10530281143794498,
    "unnecessary_invalidation": 0.028898220361892397,
    "cache_retention_precision": 0.7498536847949386,
    "replan_cost": 0.3527455858853279,
    "topology_recall": 0.7919173266682938,
    "dependency_calibration": 0.77692222222228,
    "submission_score": 0.7972829320134525
  },
  "hardest_workspace": {
    "code": "w22",
    "name": "multi_robot_chokepoint",
    "conditions": 1536,
    "invalid_rate": 0.6683295896617388,
    "precision": 0.9488556023586082,
    "recall": 0.8516989787227248,
    "f1": 0.897656039950569,
    "unsafe_false_negative": 0.09911396069665772,
    "unnecessary_invalidation": 0.030681370694465592,
    "cache_retention_precision": 0.7522788866558864,
    "replan_cost": 0.3612861756916758,
    "topology_recall": 0.8047088506748544,
    "dependency_calibration": 0.7848972222222267,
    "submission_score": 0.8016711862523435
  },
  "figures": [
    "policy_stress_heatmap.pdf",
    "unsafe_vs_unnecessary.pdf",
    "topology_recall_by_perturbation.pdf",
    "dependency_calibration_curve.pdf",
    "workspace_failure_map.pdf",
    "split_generalization.pdf"
  ],
  "tables": [
    "table_scale.tex",
    "table_main_performance.tex",
    "table_extractor_summary.tex",
    "table_stress_summary.tex",
    "table_perturbation_summary.tex",
    "table_split_summary.tex",
    "table_negative_controls.tex",
    "table_v2_reconciliation.tex"
  ]
}